[{"model": "admin.logentry", "pk": 1, "fields": {"action_time": "2021-04-17T09:06:25.179Z", "user": 1, "content_type": 10, "object_id": "1", "object_repr": "Баекенов Жанболат", "action_flag": 1, "change_message": "[{\"added\": {}}]"}}, {"model": "admin.logentry", "pk": 2, "fields": {"action_time": "2021-04-17T09:06:34.078Z", "user": 1, "content_type": 10, "object_id": "2", "object_repr": "Адильханов Нурлан", "action_flag": 1, "change_message": "[{\"added\": {}}]"}}, {"model": "admin.logentry", "pk": 3, "fields": {"action_time": "2021-04-17T09:06:40.394Z", "user": 1, "content_type": 10, "object_id": "3", "object_repr": "Бораш Аслан", "action_flag": 1, "change_message": "[{\"added\": {}}]"}}, {"model": "admin.logentry", "pk": 4, "fields": {"action_time": "2021-04-17T09:06:50.182Z", "user": 1, "content_type": 10, "object_id": "4", "object_repr": "Баян Ершат", "action_flag": 1, "change_message": "[{\"added\": {}}]"}}, {"model": "admin.logentry", "pk": 5, "fields": {"action_time": "2021-04-17T09:07:04.827Z", "user": 1, "content_type": 10, "object_id": "5", "object_repr": "Утес Нурымхан", "action_flag": 1, "change_message": "[{\"added\": {}}]"}}, {"model": "admin.logentry", "pk": 6, "fields": {"action_time": "2021-04-17T09:07:38.233Z", "user": 1, "content_type": 11, "object_id": "1", "object_repr": "11-й микрорайон", "action_flag": 1, "change_message": "[{\"added\": {}}]"}}, {"model": "admin.logentry", "pk": 7, "fields": {"action_time": "2021-04-17T09:07:51.331Z", "user": 1, "content_type": 11, "object_id": "2", "object_repr": "12-й микрорайон", "action_flag": 1, "change_message": "[{\"added\": {}}]"}}, {"model": "admin.logentry", "pk": 8, "fields": {"action_time": "2021-04-17T09:08:02.649Z", "user": 1, "content_type": 11, "object_id": "3", "object_repr": "41-й разъезд", "action_flag": 1, "change_message": "[{\"added\": {}}]"}}, {"model": "admin.logentry", "pk": 9, "fields": {"action_time": "2021-04-17T09:09:12.058Z", "user": 1, "content_type": 9, "object_id": "1", "object_repr": "Улица", "action_flag": 1, "change_message": "[{\"added\": {}}]"}}, {"model": "admin.logentry", "pk": 10, "fields": {"action_time": "2021-04-17T09:09:21.113Z", "user": 1, "content_type": 9, "object_id": "2", "object_repr": "Район", "action_flag": 1, "change_message": "[{\"added\": {}}]"}}, {"model": "admin.logentry", "pk": 11, "fields": {"action_time": "2021-04-17T09:09:24.319Z", "user": 1, "content_type": 9, "object_id": "3", "object_repr": "Трасса", "action_flag": 1, "change_message": "[{\"added\": {}}]"}}, {"model": "admin.logentry", "pk": 12, "fields": {"action_time": "2021-04-17T09:09:33.834Z", "user": 1, "content_type": 9, "object_id": "4", "object_repr": "Разъезд", "action_flag": 1, "change_message": "[{\"added\": {}}]"}}, {"model": "admin.logentry", "pk": 13, "fields": {"action_time": "2021-04-17T09:09:44.649Z", "user": 1, "content_type": 9, "object_id": "5", "object_repr": "Проспект", "action_flag": 1, "change_message": "[{\"added\": {}}]"}}, {"model": "admin.logentry", "pk": 14, "fields": {"action_time": "2021-04-17T09:09:49.375Z", "user": 1, "content_type": 9, "object_id": "6", "object_repr": "Переулок", "action_flag": 1, "change_message": "[{\"added\": {}}]"}}, {"model": "admin.logentry", "pk": 15, "fields": {"action_time": "2021-04-17T09:09:57.969Z", "user": 1, "content_type": 9, "object_id": "7", "object_repr": "Микрорайон", "action_flag": 1, "change_message": "[{\"added\": {}}]"}}, {"model": "admin.logentry", "pk": 16, "fields": {"action_time": "2021-04-17T09:10:06.281Z", "user": 1, "content_type": 9, "object_id": "8", "object_repr": "Площадь", "action_flag": 1, "change_message": "[{\"added\": {}}]"}}, {"model": "admin.logentry", "pk": 17, "fields": {"action_time": "2021-04-17T09:10:22.212Z", "user": 1, "content_type": 9, "object_id": "9", "object_repr": "Жилой массив", "action_flag": 1, "change_message": "[{\"added\": {}}]"}}, {"model": "admin.logentry", "pk": 18, "fields": {"action_time": "2021-04-17T09:12:25.892Z", "user": 1, "content_type": 8, "object_id": "1", "object_repr": "Жубанова", "action_flag": 1, "change_message": "[{\"added\": {}}]"}}, {"model": "admin.logentry", "pk": 19, "fields": {"action_time": "2021-04-17T09:12:37.041Z", "user": 1, "content_type": 8, "object_id": "2", "object_repr": "Рыскулова", "action_flag": 1, "change_message": "[{\"added\": {}}]"}}, {"model": "admin.logentry", "pk": 20, "fields": {"action_time": "2021-04-17T09:31:40.410Z", "user": 1, "content_type": 12, "object_id": "1", "object_repr": "Вода питьевая  19л одноразовая", "action_flag": 1, "change_message": "[{\"added\": {}}]"}}, {"model": "admin.logentry", "pk": 21, "fields": {"action_time": "2021-04-17T09:32:01.286Z", "user": 1, "content_type": 12, "object_id": "2", "object_repr": "Ручной насос Дольфин Юниор", "action_flag": 1, "change_message": "[{\"added\": {}}]"}}, {"model": "admin.logentry", "pk": 22, "fields": {"action_time": "2021-04-17T09:32:20.192Z", "user": 1, "content_type": 12, "object_id": "3", "object_repr": "Пэт бутыль 19 л голубая без ручки", "action_flag": 1, "change_message": "[{\"added\": {}}]"}}, {"model": "admin.logentry", "pk": 23, "fields": {"action_time": "2021-04-18T06:03:47.167Z", "user": 1, "content_type": 13, "object_id": "1", "object_repr": "Даулетов Мурат", "action_flag": 1, "change_message": "[{\"added\": {}}]"}}, {"model": "admin.logentry", "pk": 24, "fields": {"action_time": "2021-04-18T06:04:27.581Z", "user": 1, "content_type": 14, "object_id": "1", "object_repr": "1 от 2021-04-18 06:03:52+00:00", "action_flag": 1, "change_message": "[{\"added\": {}}, {\"added\": {\"name\": \"\\u0421\\u0442\\u0440\\u043e\\u043a\\u0430 \\u0442\\u0430\\u0431\\u043b\\u0438\\u0447\\u043d\\u043e\\u0439 \\u0447\\u0430\\u0441\\u0442\\u0438 \\u0437\\u0430\\u043a\\u0430\\u0437\\u0430\", \"object\": \"TabluarOrders object (1)\"}}, {\"added\": {\"name\": \"\\u0421\\u0442\\u0440\\u043e\\u043a\\u0430 \\u0442\\u0430\\u0431\\u043b\\u0438\\u0447\\u043d\\u043e\\u0439 \\u0447\\u0430\\u0441\\u0442\\u0438 \\u0437\\u0430\\u043a\\u0430\\u0437\\u0430\", \"object\": \"TabluarOrders object (2)\"}}]"}}, {"model": "admin.logentry", "pk": 25, "fields": {"action_time": "2021-04-18T08:14:54.823Z", "user": 1, "content_type": 4, "object_id": "2", "object_repr": "user", "action_flag": 1, "change_message": "[{\"added\": {}}]"}}, {"model": "admin.logentry", "pk": 26, "fields": {"action_time": "2021-04-18T08:16:25.506Z", "user": 1, "content_type": 4, "object_id": "2", "object_repr": "user", "action_flag": 2, "change_message": "[{\"changed\": {\"fields\": [\"Staff status\"]}}]"}}, {"model": "admin.logentry", "pk": 27, "fields": {"action_time": "2021-04-18T08:18:35.753Z", "user": 1, "content_type": 4, "object_id": "2", "object_repr": "user", "action_flag": 2, "change_message": "[{\"changed\": {\"fields\": [\"User permissions\"]}}]"}}, {"model": "admin.logentry", "pk": 28, "fields": {"action_time": "2021-04-18T08:19:25.008Z", "user": 1, "content_type": 4, "object_id": "2", "object_repr": "user", "action_flag": 2, "change_message": "[{\"changed\": {\"fields\": [\"User permissions\"]}}]"}}, {"model": "admin.logentry", "pk": 29, "fields": {"action_time": "2021-04-18T13:15:22.660Z", "user": 2, "content_type": 14, "object_id": "1", "object_repr": "2 от 2021-04-18 11:03:52+05:00", "action_flag": 2, "change_message": "[{\"changed\": {\"fields\": [\"\\u041d\\u043e\\u043c\\u0435\\u0440\"]}}]"}}, {"model": "admin.logentry", "pk": 30, "fields": {"action_time": "2021-04-18T13:18:33.191Z", "user": 2, "content_type": 14, "object_id": "1", "object_repr": "1 от 2021-04-18 11:03:52+05:00", "action_flag": 2, "change_message": "[]"}}, {"model": "admin.logentry", "pk": 31, "fields": {"action_time": "2021-04-22T10:45:08.946Z", "user": 1, "content_type": 14, "object_id": "8", "object_repr": "Заказ №8 от 22.04.2021 20:44:15", "action_flag": 2, "change_message": "[{\"added\": {\"name\": \"\\u0421\\u0442\\u0440\\u043e\\u043a\\u0430 \\u0442\\u0430\\u0431\\u043b\\u0438\\u0447\\u043d\\u043e\\u0439 \\u0447\\u0430\\u0441\\u0442\\u0438 \\u0437\\u0430\\u043a\\u0430\\u0437\\u0430\", \"object\": \"TabluarOrders object (16)\"}}]"}}, {"model": "admin.logentry", "pk": 32, "fields": {"action_time": "2021-04-24T07:41:50.903Z", "user": 1, "content_type": 15, "object_id": "18", "object_repr": "TabluarOrders object (18)", "action_flag": 3, "change_message": ""}}, {"model": "admin.logentry", "pk": 33, "fields": {"action_time": "2021-04-24T07:42:33.769Z", "user": 1, "content_type": 15, "object_id": "28", "object_repr": "TabluarOrders object (28)", "action_flag": 3, "change_message": ""}}, {"model": "admin.logentry", "pk": 34, "fields": {"action_time": "2021-04-24T07:42:33.780Z", "user": 1, "content_type": 15, "object_id": "27", "object_repr": "TabluarOrders object (27)", "action_flag": 3, "change_message": ""}}, {"model": "admin.logentry", "pk": 35, "fields": {"action_time": "2021-04-24T07:42:33.788Z", "user": 1, "content_type": 15, "object_id": "26", "object_repr": "TabluarOrders object (26)", "action_flag": 3, "change_message": ""}}, {"model": "admin.logentry", "pk": 36, "fields": {"action_time": "2021-04-24T07:42:33.797Z", "user": 1, "content_type": 15, "object_id": "25", "object_repr": "TabluarOrders object (25)", "action_flag": 3, "change_message": ""}}, {"model": "admin.logentry", "pk": 37, "fields": {"action_time": "2021-04-24T07:42:33.807Z", "user": 1, "content_type": 15, "object_id": "24", "object_repr": "TabluarOrders object (24)", "action_flag": 3, "change_message": ""}}, {"model": "admin.logentry", "pk": 38, "fields": {"action_time": "2021-04-24T07:42:33.815Z", "user": 1, "content_type": 15, "object_id": "23", "object_repr": "TabluarOrders object (23)", "action_flag": 3, "change_message": ""}}, {"model": "admin.logentry", "pk": 39, "fields": {"action_time": "2021-04-24T07:42:33.823Z", "user": 1, "content_type": 15, "object_id": "22", "object_repr": "TabluarOrders object (22)", "action_flag": 3, "change_message": ""}}, {"model": "admin.logentry", "pk": 40, "fields": {"action_time": "2021-04-24T07:42:33.831Z", "user": 1, "content_type": 15, "object_id": "21", "object_repr": "TabluarOrders object (21)", "action_flag": 3, "change_message": ""}}, {"model": "admin.logentry", "pk": 41, "fields": {"action_time": "2021-04-24T07:42:33.868Z", "user": 1, "content_type": 15, "object_id": "20", "object_repr": "TabluarOrders object (20)", "action_flag": 3, "change_message": ""}}, {"model": "admin.logentry", "pk": 42, "fields": {"action_time": "2021-04-24T07:42:33.876Z", "user": 1, "content_type": 15, "object_id": "19", "object_repr": "TabluarOrders object (19)", "action_flag": 3, "change_message": ""}}, {"model": "admin.logentry", "pk": 43, "fields": {"action_time": "2021-04-24T07:42:33.884Z", "user": 1, "content_type": 15, "object_id": "17", "object_repr": "TabluarOrders object (17)", "action_flag": 3, "change_message": ""}}, {"model": "admin.logentry", "pk": 44, "fields": {"action_time": "2021-04-24T07:42:33.894Z", "user": 1, "content_type": 15, "object_id": "16", "object_repr": "TabluarOrders object (16)", "action_flag": 3, "change_message": ""}}, {"model": "admin.logentry", "pk": 45, "fields": {"action_time": "2021-04-24T07:42:33.903Z", "user": 1, "content_type": 15, "object_id": "15", "object_repr": "TabluarOrders object (15)", "action_flag": 3, "change_message": ""}}, {"model": "admin.logentry", "pk": 46, "fields": {"action_time": "2021-04-24T07:42:33.911Z", "user": 1, "content_type": 15, "object_id": "14", "object_repr": "TabluarOrders object (14)", "action_flag": 3, "change_message": ""}}, {"model": "admin.logentry", "pk": 47, "fields": {"action_time": "2021-04-24T07:42:33.919Z", "user": 1, "content_type": 15, "object_id": "13", "object_repr": "TabluarOrders object (13)", "action_flag": 3, "change_message": ""}}, {"model": "admin.logentry", "pk": 48, "fields": {"action_time": "2021-04-24T07:42:33.927Z", "user": 1, "content_type": 15, "object_id": "12", "object_repr": "TabluarOrders object (12)", "action_flag": 3, "change_message": ""}}, {"model": "admin.logentry", "pk": 49, "fields": {"action_time": "2021-04-24T07:42:33.937Z", "user": 1, "content_type": 15, "object_id": "11", "object_repr": "TabluarOrders object (11)", "action_flag": 3, "change_message": ""}}, {"model": "admin.logentry", "pk": 50, "fields": {"action_time": "2021-04-24T07:57:24.984Z", "user": 1, "content_type": 15, "object_id": "31", "object_repr": "TabluarOrders object (31)", "action_flag": 3, "change_message": ""}}, {"model": "admin.logentry", "pk": 51, "fields": {"action_time": "2021-04-24T07:57:24.996Z", "user": 1, "content_type": 15, "object_id": "30", "object_repr": "TabluarOrders object (30)", "action_flag": 3, "change_message": ""}}, {"model": "admin.logentry", "pk": 52, "fields": {"action_time": "2021-04-24T07:57:25.003Z", "user": 1, "content_type": 15, "object_id": "29", "object_repr": "TabluarOrders object (29)", "action_flag": 3, "change_message": ""}}, {"model": "admin.logentry", "pk": 53, "fields": {"action_time": "2021-04-24T08:02:12.668Z", "user": 1, "content_type": 15, "object_id": "34", "object_repr": "TabluarOrders object (34)", "action_flag": 3, "change_message": ""}}, {"model": "admin.logentry", "pk": 54, "fields": {"action_time": "2021-04-24T08:02:12.699Z", "user": 1, "content_type": 15, "object_id": "33", "object_repr": "TabluarOrders object (33)", "action_flag": 3, "change_message": ""}}, {"model": "admin.logentry", "pk": 55, "fields": {"action_time": "2021-04-24T08:02:12.708Z", "user": 1, "content_type": 15, "object_id": "32", "object_repr": "TabluarOrders object (32)", "action_flag": 3, "change_message": ""}}, {"model": "auth.permission", "pk": 1, "fields": {"name": "Can add log entry", "content_type": 1, "codename": "add_logentry"}}, {"model": "auth.permission", "pk": 2, "fields": {"name": "Can change log entry", "content_type": 1, "codename": "change_logentry"}}, {"model": "auth.permission", "pk": 3, "fields": {"name": "Can delete log entry", "content_type": 1, "codename": "delete_logentry"}}, {"model": "auth.permission", "pk": 4, "fields": {"name": "Can view log entry", "content_type": 1, "codename": "view_logentry"}}, {"model": "auth.permission", "pk": 5, "fields": {"name": "Can add permission", "content_type": 2, "codename": "add_permission"}}, {"model": "auth.permission", "pk": 6, "fields": {"name": "Can change permission", "content_type": 2, "codename": "change_permission"}}, {"model": "auth.permission", "pk": 7, "fields": {"name": "Can delete permission", "content_type": 2, "codename": "delete_permission"}}, {"model": "auth.permission", "pk": 8, "fields": {"name": "Can view permission", "content_type": 2, "codename": "view_permission"}}, {"model": "auth.permission", "pk": 9, "fields": {"name": "Can add group", "content_type": 3, "codename": "add_group"}}, {"model": "auth.permission", "pk": 10, "fields": {"name": "Can change group", "content_type": 3, "codename": "change_group"}}, {"model": "auth.permission", "pk": 11, "fields": {"name": "Can delete group", "content_type": 3, "codename": "delete_group"}}, {"model": "auth.permission", "pk": 12, "fields": {"name": "Can view group", "content_type": 3, "codename": "view_group"}}, {"model": "auth.permission", "pk": 13, "fields": {"name": "Can add user", "content_type": 4, "codename": "add_user"}}, {"model": "auth.permission", "pk": 14, "fields": {"name": "Can change user", "content_type": 4, "codename": "change_user"}}, {"model": "auth.permission", "pk": 15, "fields": {"name": "Can delete user", "content_type": 4, "codename": "delete_user"}}, {"model": "auth.permission", "pk": 16, "fields": {"name": "Can view user", "content_type": 4, "codename": "view_user"}}, {"model": "auth.permission", "pk": 17, "fields": {"name": "Can add content type", "content_type": 5, "codename": "add_contenttype"}}, {"model": "auth.permission", "pk": 18, "fields": {"name": "Can change content type", "content_type": 5, "codename": "change_contenttype"}}, {"model": "auth.permission", "pk": 19, "fields": {"name": "Can delete content type", "content_type": 5, "codename": "delete_contenttype"}}, {"model": "auth.permission", "pk": 20, "fields": {"name": "Can view content type", "content_type": 5, "codename": "view_contenttype"}}, {"model": "auth.permission", "pk": 21, "fields": {"name": "Can add session", "content_type": 6, "codename": "add_session"}}, {"model": "auth.permission", "pk": 22, "fields": {"name": "Can change session", "content_type": 6, "codename": "change_session"}}, {"model": "auth.permission", "pk": 23, "fields": {"name": "Can delete session", "content_type": 6, "codename": "delete_session"}}, {"model": "auth.permission", "pk": 24, "fields": {"name": "Can view session", "content_type": 6, "codename": "view_session"}}, {"model": "auth.permission", "pk": 25, "fields": {"name": "Can add Садоводческий коллектив", "content_type": 7, "codename": "add_gardens"}}, {"model": "auth.permission", "pk": 26, "fields": {"name": "Can change Садоводческий коллектив", "content_type": 7, "codename": "change_gardens"}}, {"model": "auth.permission", "pk": 27, "fields": {"name": "Can delete Садоводческий коллектив", "content_type": 7, "codename": "delete_gardens"}}, {"model": "auth.permission", "pk": 28, "fields": {"name": "Can view Садоводческий коллектив", "content_type": 7, "codename": "view_gardens"}}, {"model": "auth.permission", "pk": 29, "fields": {"name": "Can add Улица", "content_type": 8, "codename": "add_streets"}}, {"model": "auth.permission", "pk": 30, "fields": {"name": "Can change Улица", "content_type": 8, "codename": "change_streets"}}, {"model": "auth.permission", "pk": 31, "fields": {"name": "Can delete Улица", "content_type": 8, "codename": "delete_streets"}}, {"model": "auth.permission", "pk": 32, "fields": {"name": "Can view Улица", "content_type": 8, "codename": "view_streets"}}, {"model": "auth.permission", "pk": 33, "fields": {"name": "Can add Тип адреса", "content_type": 9, "codename": "add_type_address"}}, {"model": "auth.permission", "pk": 34, "fields": {"name": "Can change Тип адреса", "content_type": 9, "codename": "change_type_address"}}, {"model": "auth.permission", "pk": 35, "fields": {"name": "Can delete Тип адреса", "content_type": 9, "codename": "delete_type_address"}}, {"model": "auth.permission", "pk": 36, "fields": {"name": "Can view Тип адреса", "content_type": 9, "codename": "view_type_address"}}, {"model": "auth.permission", "pk": 37, "fields": {"name": "Can add Водитель", "content_type": 10, "codename": "add_driver"}}, {"model": "auth.permission", "pk": 38, "fields": {"name": "Can change Водитель", "content_type": 10, "codename": "change_driver"}}, {"model": "auth.permission", "pk": 39, "fields": {"name": "Can delete Водитель", "content_type": 10, "codename": "delete_driver"}}, {"model": "auth.permission", "pk": 40, "fields": {"name": "Can view Водитель", "content_type": 10, "codename": "view_driver"}}, {"model": "auth.permission", "pk": 41, "fields": {"name": "Can add Район доставки", "content_type": 11, "codename": "add_delevirydistricts"}}, {"model": "auth.permission", "pk": 42, "fields": {"name": "Can change Район доставки", "content_type": 11, "codename": "change_delevirydistricts"}}, {"model": "auth.permission", "pk": 43, "fields": {"name": "Can delete Район доставки", "content_type": 11, "codename": "delete_delevirydistricts"}}, {"model": "auth.permission", "pk": 44, "fields": {"name": "Can view Район доставки", "content_type": 11, "codename": "view_delevirydistricts"}}, {"model": "auth.permission", "pk": 45, "fields": {"name": "Can add Номенклатура", "content_type": 12, "codename": "add_positions"}}, {"model": "auth.permission", "pk": 46, "fields": {"name": "Can change Номенклатура", "content_type": 12, "codename": "change_positions"}}, {"model": "auth.permission", "pk": 47, "fields": {"name": "Can delete Номенклатура", "content_type": 12, "codename": "delete_positions"}}, {"model": "auth.permission", "pk": 48, "fields": {"name": "Can view Номенклатура", "content_type": 12, "codename": "view_positions"}}, {"model": "auth.permission", "pk": 49, "fields": {"name": "Can add Клиент", "content_type": 13, "codename": "add_client"}}, {"model": "auth.permission", "pk": 50, "fields": {"name": "Can change Клиент", "content_type": 13, "codename": "change_client"}}, {"model": "auth.permission", "pk": 51, "fields": {"name": "Can delete Клиент", "content_type": 13, "codename": "delete_client"}}, {"model": "auth.permission", "pk": 52, "fields": {"name": "Can view Клиент", "content_type": 13, "codename": "view_client"}}, {"model": "auth.permission", "pk": 53, "fields": {"name": "Can add Заказ", "content_type": 14, "codename": "add_order"}}, {"model": "auth.permission", "pk": 54, "fields": {"name": "Can change Заказ", "content_type": 14, "codename": "change_order"}}, {"model": "auth.permission", "pk": 55, "fields": {"name": "Can delete Заказ", "content_type": 14, "codename": "delete_order"}}, {"model": "auth.permission", "pk": 56, "fields": {"name": "Can view Заказ", "content_type": 14, "codename": "view_order"}}, {"model": "auth.permission", "pk": 57, "fields": {"name": "Can add Строка табличной части заказа", "content_type": 15, "codename": "add_tabluarorders"}}, {"model": "auth.permission", "pk": 58, "fields": {"name": "Can change Строка табличной части заказа", "content_type": 15, "codename": "change_tabluarorders"}}, {"model": "auth.permission", "pk": 59, "fields": {"name": "Can delete Строка табличной части заказа", "content_type": 15, "codename": "delete_tabluarorders"}}, {"model": "auth.permission", "pk": 60, "fields": {"name": "Can view Строка табличной части заказа", "content_type": 15, "codename": "view_tabluarorders"}}, {"model": "auth.user", "pk": 1, "fields": {"password": "pbkdf2_sha256$260000$3spaieGfo0HODEZSJChiKg$blDHCq5MMXvmXLSQC3fO+DKSDPsu9lWZbvjQUWk3UJc=", "last_login": "2021-04-23T12:33:07.750Z", "is_superuser": true, "username": "yuriy", "first_name": "", "last_name": "", "email": "", "is_staff": true, "is_active": true, "date_joined": "2021-04-17T09:03:11.010Z", "groups": [], "user_permissions": []}}, {"model": "auth.user", "pk": 2, "fields": {"password": "pbkdf2_sha256$260000$exNUK3bvnmodLC0tV8CGPh$BnGZ371j3BQmpPXtSMKQFXlwLOc3sjbxrGewpjqU3/k=", "last_login": "2021-04-18T08:20:03.211Z", "is_superuser": false, "username": "user", "first_name": "", "last_name": "", "email": "", "is_staff": true, "is_active": true, "date_joined": "2021-04-18T08:14:54Z", "groups": [], "user_permissions": [49, 50, 51, 52, 41, 42, 43, 44, 37, 38, 39, 40, 25, 26, 27, 28, 45, 46, 47, 48, 29, 30, 31, 32, 33, 34, 35, 36, 17, 18, 19, 20, 53, 54, 55, 56, 57, 58, 59, 60]}}, {"model": "contenttypes.contenttype", "pk": 1, "fields": {"app_label": "admin", "model": "logentry"}}, {"model": "contenttypes.contenttype", "pk": 2, "fields": {"app_label": "auth", "model": "permission"}}, {"model": "contenttypes.contenttype", "pk": 3, "fields": {"app_label": "auth", "model": "group"}}, {"model": "contenttypes.contenttype", "pk": 4, "fields": {"app_label": "auth", "model": "user"}}, {"model": "contenttypes.contenttype", "pk": 5, "fields": {"app_label": "contenttypes", "model": "contenttype"}}, {"model": "contenttypes.contenttype", "pk": 6, "fields": {"app_label": "sessions", "model": "session"}}, {"model": "contenttypes.contenttype", "pk": 7, "fields": {"app_label": "common", "model": "gardens"}}, {"model": "contenttypes.contenttype", "pk": 8, "fields": {"app_label": "common", "model": "streets"}}, {"model": "contenttypes.contenttype", "pk": 9, "fields": {"app_label": "common", "model": "type_address"}}, {"model": "contenttypes.contenttype", "pk": 10, "fields": {"app_label": "common", "model": "driver"}}, {"model": "contenttypes.contenttype", "pk": 11, "fields": {"app_label": "common", "model": "delevirydistricts"}}, {"model": "contenttypes.contenttype", "pk": 12, "fields": {"app_label": "common", "model": "positions"}}, {"model": "contenttypes.contenttype", "pk": 13, "fields": {"app_label": "common", "model": "client"}}, {"model": "contenttypes.contenttype", "pk": 14, "fields": {"app_label": "documents", "model": "order"}}, {"model": "contenttypes.contenttype", "pk": 15, "fields": {"app_label": "documents", "model": "tabluarorders"}}, {"model": "sessions.session", "pk": "5vuruuliusfg0z8h454w6z7cso748a67", "fields": {"session_data": ".eJxVjEEOgjAQRe_StWk6bQXq0j1nIDOdGYsaSCisjHdXEha6_e-9_zIDbmsZtirLMLK5GDCn340wP2TaAd9xus02z9O6jGR3xR602n5meV4P9--gYC3fWs_EmEQbl3IHgp1LyMFDQwQoihQZWGPrHYScWkXHHjCoBw6tUDTvDxD6ONU:1lZ8sv:zm4QFIicF7QAkvLva18sRyzDghllwgIeRrbOtHHmYFo", "expire_date": "2021-05-05T09:11:01.280Z"}}, {"model": "sessions.session", "pk": "a2hbroq1de63obn0x1bm1tmho6cjppr2", "fields": {"session_data": ".eJxVjEEOgjAQRe_StWk6bQXq0j1nIDOdGYsaSCisjHdXEha6_e-9_zIDbmsZtirLMLK5GDCn340wP2TaAd9xus02z9O6jGR3xR602n5meV4P9--gYC3fWs_EmEQbl3IHgp1LyMFDQwQoihQZWGPrHYScWkXHHjCoBw6tUDTvDxD6ONU:1lZuzb:Y9mWBtdXCHhT2tkg464AtfkFiY195-1cY5pyk6fUBho", "expire_date": "2021-05-07T12:33:07.779Z"}}, {"model": "sessions.session", "pk": "gijy7ivdpxsuu5rxaffacvtawukjju4v", "fields": {"session_data": ".eJxVjEEOgjAQRe_StWk6bQXq0j1nIDOdGYsaSCisjHdXEha6_e-9_zIDbmsZtirLMLK5GDCn340wP2TaAd9xus02z9O6jGR3xR602n5meV4P9--gYC3fWs_EmEQbl3IHgp1LyMFDQwQoihQZWGPrHYScWkXHHjCoBw6tUDTvDxD6ONU:1lXgtU:4arrqXSi68yHsP910aFBwMfq2eD_wl9XX1aUWs1ufps", "expire_date": "2021-05-01T09:05:36.037Z"}}, {"model": "sessions.session", "pk": "i4vao54s567i803bd4e5ep59d7vq9tdo", "fields": {"session_data": ".eJxVjEEOgjAQRe_StWk6bQXq0j1nIDOdGYsaSCisjHdXEha6_e-9_zIDbmsZtirLMLK5GDCn340wP2TaAd9xus02z9O6jGR3xR602n5meV4P9--gYC3fWs_EmEQbl3IHgp1LyMFDQwQoihQZWGPrHYScWkXHHjCoBw6tUDTvDxD6ONU:1lZ8sx:edYxNc3zJN46edbXrZrFRQ4ZiRG3M1DX3NslgcNqEME", "expire_date": "2021-05-05T09:11:03.110Z"}}, {"model": "sessions.session", "pk": "p2lzi6aqk4wuj46iinhpnzamtspvk95u", "fields": {"session_data": ".eJxVjEEOgjAQRe_StWk6bQXq0j1nIDOdGYsaSCisjHdXEha6_e-9_zIDbmsZtirLMLK5GDCn340wP2TaAd9xus02z9O6jGR3xR602n5meV4P9--gYC3fWs_EmEQbl3IHgp1LyMFDQwQoihQZWGPrHYScWkXHHjCoBw6tUDTvDxD6ONU:1lZBDa:BJq_m27-M2oAfrd5Mw3ccNsPZN-SzyXVQWymum8QrSY", "expire_date": "2021-05-05T11:40:30.194Z"}}, {"model": "sessions.session", "pk": "u1u89zuybbionvacdfpumt4laazds63f", "fields": {"session_data": ".eJxVjDsOwyAQRO9CHSFYYz4p0_sMaIElOIlAMnYV5e6xJRdJOfPezJt53Nbit06LnxO7MmCX3y5gfFI9QHpgvTceW12XOfBD4SftfGqJXrfT_Tso2Mu-phGlNTGiJqGCVGYQwbpBhzhojSQs7Ek5JKlJBYEOpIE8ZisgRwOGfb7WkTdD:1lY2ex:juCWdZ91qBwNd7691CeI8f0jYxCDMMZ5Ewrec3M06tU", "expire_date": "2021-05-02T08:20:03.220Z"}}, {"model": "common.type_address", "pk": 1, "fields": {"name": "Улица"}}, {"model": "common.type_address", "pk": 2, "fields": {"name": "Район"}}, {"model": "common.type_address", "pk": 3, "fields": {"name": "Трасса"}}, {"model": "common.type_address", "pk": 4, "fields": {"name": "Разъезд"}}, {"model": "common.type_address", "pk": 5, "fields": {"name": "Проспект"}}, {"model": "common.type_address", "pk": 6, "fields": {"name": "Переулок"}}, {"model": "common.type_address", "pk": 7, "fields": {"name": "Микрорайон"}}, {"model": "common.type_address", "pk": 8, "fields": {"name": "Площадь"}}, {"model": "common.type_address", "pk": 9, "fields": {"name": "Жилой массив"}}, {"model": "common.driver", "pk": 1, "fields": {"name": "Баекенов Жанболат"}}, {"model": "common.driver", "pk": 2, "fields": {"name": "Адильханов Нурлан"}}, {"model": "common.driver", "pk": 3, "fields": {"name": "Бораш Аслан"}}, {"model": "common.driver", "pk": 4, "fields": {"name": "Баян Ершат"}}, {"model": "common.driver", "pk": 5, "fields": {"name": "Утес Нурымхан"}}, {"model": "common.driver", "pk": 6, "fields": {"name": "Перевозчик"}}, {"model": "common.delevirydistricts", "pk": 1, "fields": {"name": "11-й микрорайон", "driver": 1}}, {"model": "common.delevirydistricts", "pk": 2, "fields": {"name": "12-й микрорайон", "driver": 1}}, {"model": "common.delevirydistricts", "pk": 3, "fields": {"name": "41-й разъезд", "driver": 2}}, {"model": "common.streets", "pk": 1, "fields": {"name": "Жубанова", "type": 1}}, {"model": "common.streets", "pk": 2, "fields": {"name": "Рыскулова", "type": 1}}, {"model": "common.positions", "pk": 1, "fields": {"name": "Вода питьевая  19л одноразовая", "code1C": "00000000121", "price": 500}}, {"model": "common.positions", "pk": 2, "fields": {"name": "Ручной насос Дольфин Юниор", "code1C": "00000000052", "price": 1200}}, {"model": "common.positions", "pk": 3, "fields": {"name": "Пэт бутыль 19 л голубая без ручки", "code1C": "00000000134", "price": 750}}, {"model": "common.client", "pk": 1, "fields": {"name": "Даулетов Мурат", "first_name": "Мурат", "last_name": "Даулетов", "phone_number": "963258741", "address": "Жубанова 200", "code1C": "00000000121"}}, {"model": "common.client", "pk": 2, "fields": {"name": "Юрий", "first_name": null, "last_name": null, "phone_number": "77071392125", "address": "Вавиловад. 25", "code1C": null}}, {"model": "common.client", "pk": 3, "fields": {"name": "Alfreid", "first_name": "", "last_name": "", "phone_number": "71234567890", "address": "71234567890", "code1C": ""}}, {"model": "documents.order", "pk": 1, "fields": {"number": 1, "number1С": null, "date": "2021-04-18T06:03:52Z", "client": 1, "amount": 1720}}, {"model": "documents.order", "pk": 2, "fields": {"number": 2, "number1С": null, "date": "2021-04-22T13:44:00.372Z", "client": 2, "amount": 1000}}, {"model": "documents.order", "pk": 3, "fields": {"number": 3, "number1С": null, "date": "2021-04-22T13:58:57.151Z", "client": 2, "amount": 1250}}, {"model": "documents.order", "pk": 4, "fields": {"number": 4, "number1С": null, "date": "2021-04-22T14:52:31.999Z", "client": 2, "amount": 2200}}, {"model": "documents.order", "pk": 5, "fields": {"number": 5, "number1С": null, "date": "2021-04-22T14:57:29.261Z", "client": 2, "amount": 2200}}, {"model": "documents.order", "pk": 6, "fields": {"number": 6, "number1С": null, "date": "2021-04-22T15:30:15.238Z", "client": 2, "amount": 5950}}, {"model": "documents.order", "pk": 7, "fields": {"number": 7, "number1С": null, "date": "2021-04-22T15:32:09.730Z", "client": 2, "amount": 11900}}, {"model": "documents.order", "pk": 8, "fields": {"number": 8, "number1С": null, "date": "2021-04-22T15:44:15Z", "client": 2, "amount": 6750}}, {"model": "documents.order", "pk": 9, "fields": {"number": 9, "number1С": null, "date": "2021-04-22T15:50:41.402Z", "client": 2, "amount": 25300}}, {"model": "documents.order", "pk": 10, "fields": {"number": 10, "number1С": null, "date": "2021-04-22T16:02:43.341Z", "client": 2, "amount": 10150}}, {"model": "documents.order", "pk": 11, "fields": {"number": 11, "number1С": null, "date": "2021-04-22T16:06:07.996Z", "client": 2, "amount": 11650}}, {"model": "documents.order", "pk": 12, "fields": {"number": 12, "number1С": null, "date": "2021-04-22T16:13:14.168Z", "client": 2, "amount": 17650}}, {"model": "documents.order", "pk": 13, "fields": {"number": 13, "number1С": null, "date": "2021-04-23T16:13:14.168Z", "client": 3, "amount": 0}}, {"model": "documents.order", "pk": 14, "fields": {"number": 14, "number1С": null, "date": "2021-04-23T16:13:14.168Z", "client": 3, "amount": 0}}, {"model": "documents.order", "pk": 15, "fields": {"number": 15, "number1С": null, "date": "2021-04-23T16:13:14.168Z", "client": 3, "amount": 0}}, {"model": "documents.order", "pk": 16, "fields": {"number": 16, "number1С": null, "date": "2021-04-24T05:13:14.168Z", "client": 3, "amount": 0}}, {"model": "documents.order", "pk": 17, "fields": {"number": 17, "number1С": null, "date": "2021-04-24T06:13:14.168Z", "client": 1, "amount": 0}}, {"model": "documents.order", "pk": 18, "fields": {"number": 18, "number1С": null, "date": "2021-04-24T07:13:14.168Z", "client": 2, "amount": 17650}}, {"model": "documents.tabluarorders", "pk": 1, "fields": {"order": 1, "position": 1, "price": 720, "quantity": 1, "amount": 720}}, {"model": "documents.tabluarorders", "pk": 2, "fields": {"order": 1, "position": 2, "price": 1, "quantity": 1000, "amount": 1000}}, {"model": "documents.tabluarorders", "pk": 3, "fields": {"order": 4, "position": 1, "price": 500, "quantity": 2, "amount": 1000}}, {"model": "documents.tabluarorders", "pk": 4, "fields": {"order": 3, "position": 2, "price": 1200, "quantity": 1, "amount": 1200}}, {"model": "documents.tabluarorders", "pk": 5, "fields": {"order": 5, "position": 1, "price": 500, "quantity": 2, "amount": 1000}}, {"model": "documents.tabluarorders", "pk": 6, "fields": {"order": 5, "position": 2, "price": 1200, "quantity": 1, "amount": 1200}}, {"model": "documents.tabluarorders", "pk": 7, "fields": {"order": 6, "position": 1, "price": 500, "quantity": 2, "amount": 1000}}, {"model": "documents.tabluarorders", "pk": 8, "fields": {"order": 7, "position": 2, "price": 1200, "quantity": 1, "amount": 1200}}, {"model": "documents.tabluarorders", "pk": 9, "fields": {"order": 8, "position": 3, "price": 750, "quantity": 5, "amount": 3750}}, {"model": "documents.tabluarorders", "pk": 10, "fields": {"order": 7, "position": 1, "price": 500, "quantity": 4, "amount": 2000}}, {"model": "documents.tabluarorders", "pk": 35, "fields": {"order": 18, "position": 3, "price": 750, "quantity": 19, "amount": 14250}}, {"model": "documents.tabluarorders", "pk": 36, "fields": {"order": 18, "position": 2, "price": 1200, "quantity": 2, "amount": 2400}}, {"model": "documents.tabluarorders", "pk": 37, "fields": {"order": 18, "position": 1, "price": 500, "quantity": 2, "amount": 1000}}]